{
  "hours": 0.5006336111111113,
  "trials": 922,
  "T_per_hr": 1841.6661996658672,
  "fa_hr_at_far5": 0.0,
  "frr_curve": {
    "0.05": 0.1375,
    "0.02": 0.1375,
    "0.01": 0.1375,
    "0.005": 0.1375,
    "0.002": 0.1375
  },
  "per_src": {
    "DEMAND": [
      394,
      0,
      0.3333377777777778
    ],
    "LibriSpeech": [
      528,
      0,
      0.16729583333333334
    ]
  }
}