{
  "F03": {
    "n": 73,
    "dim": 1024,
    "pr": 17.403551543626584,
    "top1": 0.16447971456173546,
    "top2": 0.26541650107163306,
    "top3": 0.32360793132110904,
    "corr_dur": [
      0.795401607715059,
      0.017640043730184466,
      0.09887427137791248
    ],
    "corr_rms": [
      0.24328106593385493,
      0.11050551667430529,
      0.019360010470220283
    ]
  },
  "F04": {
    "n": 18,
    "dim": 1024,
    "pr": 3.3510146789239093,
    "top1": 0.5089383784614354,
    "top2": 0.6682147672501988,
    "top3": 0.739625515785101,
    "corr_dur": [
      0.4074403667590713,
      0.046972735210027663,
      0.49042596566960345
    ],
    "corr_rms": [
      0.10415443376273191,
      0.1197471610830671,
      0.6568909586230822
    ]
  },
  "FC02": {
    "n": 205,
    "dim": 1024,
    "pr": 40.61865685907445,
    "top1": 0.09121050707209306,
    "top2": 0.14565337517642268,
    "top3": 0.19332019299492628,
    "corr_dur": [
      0.09384426033112983,
      0.11808799871288679,
      0.06956456640918408
    ],
    "corr_rms": [
      0.10634319467267112,
      0.013439875798740872,
      0.1488712144594433
    ]
  },
  "FC03": {
    "n": 267,
    "dim": 1024,
    "pr": 15.297142338278169,
    "top1": 0.2217457604611056,
    "top2": 0.2997075196705505,
    "top3": 0.34687725363115335,
    "corr_dur": [
      0.257285087732977,
      0.02725759915153351,
      0.04489966588249287
    ],
    "corr_rms": [
      0.07659001854596642,
      0.05055304833431961,
      0.15778957001021793
    ]
  },
  "_verdict": {
    "dys_top3": 0.5316167235531051,
    "dys_pr": 10.377283111275247,
    "dys_best_corr": 0.7261462831690706,
    "structured": false,
    "ctl_top3": 0.2700987233130398,
    "ctl_pr": 27.95789959867631
  }
}