{
  "curve": [
    [
      1,
      0.21820175438596492,
      0.027960526315789474
    ],
    [
      2,
      0.14144736842105263,
      0.03289473684210526
    ],
    [
      3,
      0.10416666666666667,
      0.03453947368421053
    ],
    [
      4,
      0.08223684210526318,
      0.03618421052631579
    ]
  ],
  "k4": 0.08223684210526318,
  "monotone": true,
  "n_spk": 19,
  "layer_frr_k4": {
    "10": 0.08114035087719298,
    "12": 0.07456140350877193,
    "14": 0.07785087719298248,
    "15": 0.08223684210526318,
    "17": 0.08881578947368421,
    "19": 0.08114035087719298,
    "20": 0.08552631578947369,
    "21": 0.08662280701754387,
    "23": 0.08991228070175439
  },
  "best_layer": 12
}