{
  "per_speaker": {
    "F01": {
      "pool": 0.7381628787878788,
      "backend": 0.8115530303030303,
      "fdtw": NaN,
      "ngen": 32,
      "nimp": 66
    },
    "F03": {
      "pool": 0.6800145436916737,
      "backend": 0.7421888255968974,
      "fdtw": NaN,
      "ngen": 185,
      "nimp": 223
    },
    "F04": {
      "pool": 0.7882539682539682,
      "backend": 0.8404761904761905,
      "fdtw": NaN,
      "ngen": 50,
      "nimp": 126
    },
    "M01": {
      "pool": 0.6640365448504983,
      "backend": 0.7179639297579496,
      "fdtw": 0.6310077519379845,
      "ngen": 86,
      "nimp": 196
    },
    "M02": {
      "pool": 0.618421052631579,
      "backend": 0.7121574597651152,
      "fdtw": 0.5856060606060606,
      "ngen": 88,
      "nimp": 209
    },
    "M03": {
      "pool": 0.859641472868217,
      "backend": 0.9062984496124031,
      "fdtw": 0.7666666666666667,
      "ngen": 96,
      "nimp": 215
    },
    "M04": {
      "pool": 0.48147458573822377,
      "backend": 0.5845280208527276,
      "fdtw": 0.3227642276422764,
      "ngen": 82,
      "nimp": 131
    },
    "M05": {
      "pool": 0.5713318616629874,
      "backend": 0.628579838116262,
      "fdtw": 0.43686534216335543,
      "ngen": 151,
      "nimp": 225
    }
  }
}