{
  "iid_far": 0.02457150634527296,
  "block_far": 0.04733083886741335,
  "contamination": {
    "0.0": 0.05234994890167304,
    "0.05": 0.017924604131500686,
    "0.1": 0.01026100336445164,
    "0.2": 0.0036630036630036634
  }
}