{
  "P1": [
    0.34615384615384615,
    0.02849002849002849,
    26,
    351
  ],
  "B10": [
    0.23076923076923078,
    0.011396011396011397,
    26,
    351
  ],
  "B8": [
    0.15384615384615385,
    0.019943019943019943,
    26,
    351
  ],
  "B9": [
    0.07692307692307693,
    0.03133903133903134,
    26,
    351
  ],
  "baseline": 0.34615384615384615
}