{
  "B6_min": [
    0.1375,
    0.046018894898205244,
    160
  ],
  "B6_softmin": [
    0.10000000000000005,
    0.04476497640290744,
    160
  ],
  "B6_mean2": [
    0.09375000000000003,
    0.04493764855833822,
    160
  ],
  "B6_mean": [
    0.11250000000000002,
    0.04493764855833822,
    160
  ],
  "B6_median": [
    0.11875000000000002,
    0.044690223569533914,
    160
  ],
  "B7": [
    0.1375,
    0.04960797822866788,
    160
  ],
  "B11": [
    0.15624999999999997,
    0.038915481070653485,
    160
  ],
  "baseline": 0.1375
}