{
  "base_gsc": 0.07142857142857142,
  "base_tor": 0.1375,
  "head_gsc": 0.1130952380952381,
  "head_tor": 0.5365853658536586
}