{
  "best_layer": 19,
  "best_layer_frr": 0.07080170777988615,
  "mix_frr": 0.10238772928526248,
  "top_layers": [
    24,
    23,
    22,
    14,
    13
  ],
  "top_weights": [
    0.9977588653564453,
    0.0006323816487565637,
    0.0006258919020183384,
    0.00014747817476745695,
    0.00013246473099570721
  ],
  "layer_frr": {
    "0": 0.4593908127767236,
    "1": 0.35685483870967744,
    "2": 0.33170264073371286,
    "3": 0.25708610056925996,
    "4": 0.24146110056925996,
    "5": 0.2308764231499051,
    "6": 0.1943587919038583,
    "7": 0.1836061037318153,
    "8": 0.1836061037318153,
    "9": 0.20842228020240353,
    "10": 0.19402277039848195,
    "11": 0.25900339974699554,
    "12": 0.17441492726122707,
    "13": 0.17380218216318785,
    "14": 0.13762057242251738,
    "15": 0.14266089500316256,
    "16": 0.14266089500316256,
    "17": 0.13728455091714106,
    "18": 0.13728455091714106,
    "19": 0.07080170777988615,
    "20": 0.07080170777988615,
    "21": 0.08642670777988615,
    "22": 0.10238772928526248,
    "23": 0.07236321948134093,
    "24": 0.10238772928526248
  }
}