{
  "c19_torgo": 0.1972972972972973,
  "c19_gsc": 0.8569608938766546,
  "c19_gap": -0.6596635965793574,
  "c18_fc": 0.1972972972972973,
  "c18_rkd": 0.35
}