{
  "ladder": [
    [
      "wavlm-large",
      15,
      "316MB ceiling",
      0.1375,
      0.09375000000000003
    ],
    [
      "wavlm-base-plus",
      12,
      "94MB",
      0.17177914110429446,
      0.15950920245398775
    ],
    [
      "wavlm-base-plus",
      10,
      "94MB alt-layer",
      0.12048192771084337,
      0.12048192771084337
    ],
    [
      "distilhubert",
      2,
      "23MB deployable",
      0.21656050955414008,
      0.21656050955414016
    ]
  ],
  "capacity_pp": 3.4279141104294446,
  "distillation_pp": 4.478136844984562
}