{
  "gsc_layer_frr_k4": {
    "0": 0.26973684210526316,
    "1": 0.18092105263157895,
    "2": 0.22697368421052633,
    "3": 0.2138157894736842,
    "4": 0.18421052631578946,
    "5": 0.16557017543859648,
    "6": 0.14912280701754385,
    "7": 0.12828947368421054,
    "8": 0.10964912280701754,
    "9": 0.11293859649122807,
    "10": 0.11732456140350879,
    "11": 0.10635964912280702,
    "12": 0.1030701754385965
  },
  "l10": 0.11732456140350879,
  "l12": 0.1030701754385965,
  "best": 12
}