{
  "FC01": {
    "grp": "CTL",
    "thr": 0.022044062614440918,
    "self_far": 0.05,
    "other_same": 0.23809523809523808,
    "other_oov": 0.012106537530266344,
    "n_same": 147,
    "n_oov": 826
  },
  "FC02": {
    "grp": "CTL",
    "thr": 0.02807033061981201,
    "self_far": 0.05,
    "other_same": 0.46226415094339623,
    "other_oov": 0.006920415224913495,
    "n_same": 106,
    "n_oov": 578
  },
  "FC03": {
    "grp": "CTL",
    "thr": 0.02745157480239868,
    "self_far": 0.05,
    "other_same": 0.4482758620689655,
    "other_oov": 0.01303538175046555,
    "n_same": 87,
    "n_oov": 537
  },
  "F01": {
    "grp": "DYS",
    "thr": 0.02530008554458618,
    "self_far": 0.05,
    "other_same": 0.008849557522123894,
    "other_oov": 0.0,
    "n_same": 113,
    "n_oov": 862
  },
  "F03": {
    "grp": "DYS",
    "thr": 0.04195106029510498,
    "self_far": 0.05,
    "other_same": 0.4745762711864407,
    "other_oov": 0.045454545454545456,
    "n_same": 118,
    "n_oov": 704
  },
  "F04": {
    "grp": "DYS",
    "thr": 0.02048015594482422,
    "self_far": 0.05,
    "other_same": 0.2446043165467626,
    "other_oov": 0.003667481662591687,
    "n_same": 139,
    "n_oov": 818
  },
  "_read": {
    "other_same_mean": 0.31277756606048784,
    "other_oov_mean": 0.013530726937130422
  }
}