{
  "per_speaker": {
    "F01": {
      "mean": {
        "frr": 0.1875,
        "far": 0.0,
        "npos": 32,
        "nneg": 0,
        "auc": NaN
      },
      "std": {
        "frr": 0.21875,
        "far": 0.0,
        "npos": 32,
        "nneg": 0,
        "auc": NaN
      },
      "meanstd": {
        "frr": 0.25,
        "far": 0.0,
        "npos": 32,
        "nneg": 0,
        "auc": NaN
      }
    },
    "F03": {
      "mean": {
        "frr": 0.22162162162162158,
        "far": 0.0,
        "npos": 185,
        "nneg": 0,
        "auc": NaN
      },
      "std": {
        "frr": 0.21081081081081077,
        "far": 0.0,
        "npos": 185,
        "nneg": 0,
        "auc": NaN
      },
      "meanstd": {
        "frr": 0.21081081081081077,
        "far": 0.0,
        "npos": 185,
        "nneg": 0,
        "auc": NaN
      }
    },
    "F04": {
      "mean": {
        "frr": 0.18000000000000005,
        "far": 0.0,
        "npos": 50,
        "nneg": 0,
        "auc": NaN
      },
      "std": {
        "frr": 0.16000000000000003,
        "far": 0.0,
        "npos": 50,
        "nneg": 0,
        "auc": NaN
      },
      "meanstd": {
        "frr": 0.18000000000000005,
        "far": 0.0,
        "npos": 50,
        "nneg": 0,
        "auc": NaN
      }
    },
    "M01": {
      "mean": {
        "frr": 0.5930232558139534,
        "far": 0.06666666666666667,
        "npos": 86,
        "nneg": 60,
        "auc": 0.8353448275862069
      },
      "std": {
        "frr": 0.6976744186046512,
        "far": 0.06666666666666667,
        "npos": 86,
        "nneg": 60,
        "auc": 0.8416666666666667
      },
      "meanstd": {
        "frr": 0.6162790697674418,
        "far": 0.05,
        "npos": 86,
        "nneg": 60,
        "auc": 0.8730555555555556
      }
    },
    "M02": {
      "mean": {
        "frr": 0.5795454545454546,
        "far": 0.03333333333333333,
        "npos": 88,
        "nneg": 60,
        "auc": 0.8906432748538011
      },
      "std": {
        "frr": 0.6704545454545454,
        "far": 0.06666666666666667,
        "npos": 88,
        "nneg": 60,
        "auc": 0.8782258064516129
      },
      "meanstd": {
        "frr": 0.6136363636363636,
        "far": 0.06666666666666667,
        "npos": 88,
        "nneg": 60,
        "auc": 0.8846774193548387
      }
    },
    "M03": {
      "mean": {
        "frr": 0.29166666666666663,
        "far": 0.06666666666666667,
        "npos": 96,
        "nneg": 60,
        "auc": 0.9038759689922481
      },
      "std": {
        "frr": 0.1875,
        "far": 0.06666666666666667,
        "npos": 96,
        "nneg": 60,
        "auc": 0.9693798449612403
      },
      "meanstd": {
        "frr": 0.28125,
        "far": 0.03333333333333333,
        "npos": 96,
        "nneg": 60,
        "auc": 0.9419540229885057
      }
    },
    "M04": {
      "mean": {
        "frr": 0.8292682926829268,
        "far": 0.08333333333333333,
        "npos": 82,
        "nneg": 60,
        "auc": 0.7552845528455284
      },
      "std": {
        "frr": 0.7804878048780488,
        "far": 0.05,
        "npos": 82,
        "nneg": 60,
        "auc": 0.7677304964539007
      },
      "meanstd": {
        "frr": 0.8292682926829268,
        "far": 0.06666666666666667,
        "npos": 82,
        "nneg": 60,
        "auc": 0.7776595744680851
      }
    },
    "M05": {
      "mean": {
        "frr": 0.7284768211920529,
        "far": 0.05,
        "npos": 151,
        "nneg": 60,
        "auc": 0.7891752577319587
      },
      "std": {
        "frr": 0.7218543046357616,
        "far": 0.05,
        "npos": 151,
        "nneg": 60,
        "auc": 0.8271428571428572
      },
      "meanstd": {
        "frr": 0.7880794701986755,
        "far": 0.05,
        "npos": 151,
        "nneg": 60,
        "auc": 0.804
      }
    }
  },
  "modes": [
    "mean",
    "std",
    "meanstd"
  ],
  "mcnemar_mean_vs_meanstd": [
    {
      "target_far": 0.02,
      "far_a": 0.02,
      "far_b": 0.02,
      "b": 0,
      "c": 35,
      "frr_a": 0.8091451292246521,
      "frr_b": 0.7395626242544732,
      "p": 9.081445518184974e-09
    },
    {
      "target_far": 0.05,
      "far_a": 0.05,
      "far_b": 0.05,
      "b": 0,
      "c": 44,
      "frr_a": 0.7435387673956262,
      "frr_b": 0.6560636182902584,
      "p": 9.021872818347139e-11
    },
    {
      "target_far": 0.08,
      "far_a": 0.08,
      "far_b": 0.08,
      "b": 6,
      "c": 19,
      "frr_a": 0.6381709741550696,
      "frr_b": 0.6123260437375746,
      "p": 0.01639507184919226
    }
  ],
  "mcnemar_mean_vs_std": [
    {
      "target_far": 0.02,
      "far_a": 0.02,
      "far_b": 0.02,
      "b": 10,
      "c": 54,
      "frr_a": 0.8091451292246521,
      "frr_b": 0.7216699801192843,
      "p": 7.658268212248854e-08
    },
    {
      "target_far": 0.05,
      "far_a": 0.05,
      "far_b": 0.05,
      "b": 12,
      "c": 69,
      "frr_a": 0.7435387673956262,
      "frr_b": 0.6302186878727634,
      "p": 4.901621014797383e-10
    },
    {
      "target_far": 0.08,
      "far_a": 0.08,
      "far_b": 0.08,
      "b": 15,
      "c": 53,
      "frr_a": 0.6381709741550696,
      "frr_b": 0.562624254473161,
      "p": 7.226389988223068e-06
    }
  ],
  "verdict": {
    "base_mean_frr": 0.48807845900869157,
    "std_frr": 0.5185429880197322,
    "meanstd_frr": 0.5037218111346018,
    "valid_speakers": [
      "M01",
      "M02",
      "M03",
      "M04",
      "M05"
    ],
    "banked": false,
    "note": "characterization only; NOT-BANKED pending UASpeech regardless"
  }
}