{
  "distilled_frr": 0.0932017543859649,
  "std_frr": 0.0635964912280702,
  "band": 800,
  "per_spk": {
    "25e95412": 0.04166666666666663,
    "5ebc1cda": 0.02083333333333337,
    "ab46af55": 0.0625,
    "c120e80e": 0.02083333333333337,
    "ddedba85": 0.02083333333333337,
    "2aca1e72": 0.1875,
    "5f9cd2eb": 0.02083333333333337,
    "b4ea0d9a": 0.04166666666666663,
    "c1d39ce8": 0.25,
    "de89e2ca": 0.0,
    "4c6167ca": 0.04166666666666663,
    "893705bb": 0.45833333333333337,
    "b5cf6ea8": 0.02083333333333337,
    "c50f55b8": 0.04166666666666663,
    "ef3367d9": 0.0,
    "4c6944d6": 0.08333333333333337,
    "98ea0818": 0.45833333333333337,
    "b66f4f93": 0.0,
    "cce7416f": 0.0
  },
  "mcnemar_vs_std": [
    {
      "target_far": 0.02,
      "far_meanpool": 0.018581081081081082,
      "far_variant": 0.018581081081081082,
      "frr_meanpool_pooled": 0.10307017543859653,
      "frr_variant_pooled": 0.12171052631578949,
      "b": 31,
      "c": 14,
      "chi2": 5.688888888888889,
      "p": 0.0170726610937884
    },
    {
      "target_far": 0.0389,
      "far_meanpool": 0.03885135135135135,
      "far_variant": 0.03885135135135135,
      "frr_meanpool_pooled": 0.08552631578947367,
      "frr_variant_pooled": 0.0932017543859649,
      "b": 23,
      "c": 16,
      "chi2": 0.9230769230769231,
      "p": 0.3366683676100388
    },
    {
      "target_far": 0.05,
      "far_meanpool": 0.048986486486486486,
      "far_variant": 0.04560810810810811,
      "frr_meanpool_pooled": 0.08333333333333337,
      "frr_variant_pooled": 0.0932017543859649,
      "b": 23,
      "c": 14,
      "chi2": 1.7297297297297298,
      "p": 0.18844541724270622
    },
    {
      "target_far": 0.08,
      "far_meanpool": 0.07939189189189189,
      "far_variant": 0.07939189189189189,
      "frr_meanpool_pooled": 0.07456140350877194,
      "frr_variant_pooled": 0.08004385964912286,
      "b": 19,
      "c": 14,
      "chi2": 0.48484848484848486,
      "p": 0.4862343213882973
    }
  ],
  "steps": 500
}