{
  "clean_r1": 0.8729729729729729,
  "e26": {
    "rev15": {
      "clean_enroll": 0.822972972972973,
      "aug_enroll": 0.8391891891891892,
      "gap": 0.04999999999999993,
      "recovery": 0.3243243243243237
    },
    "rev30": {
      "clean_enroll": 0.7783783783783784,
      "aug_enroll": 0.8027027027027027,
      "gap": 0.09459459459459452,
      "recovery": 0.25714285714285706
    },
    "rev60": {
      "clean_enroll": 0.6,
      "aug_enroll": 0.7445945945945946,
      "gap": 0.27297297297297296,
      "recovery": 0.5297029702970301
    }
  },
  "e27": {
    "4clean": 0.9722222222222222,
    "2c+2rev": 0.9166666666666666,
    "2c+2noisy": 0.8888888888888888,
    "1c+rev+noise+band": 0.9166666666666666
  },
  "c17_clean_support": 0.8351351351351352,
  "c17_matched_support": 0.8648648648648649
}