{
  "pooled_flat": 0.8409889710338141,
  "pooled_var": 0.8123863774087989,
  "rows": {
    "F03": [
      0.8409889710338141,
      0.8123863774087989,
      37
    ]
  },
  "gate": false
}