{
  "base": {
    "auc": 0.6815937908939127,
    "frr": 0.6666666666666666,
    "n_gen": 267,
    "n_imp": 415
  },
  "f29": {
    "auc": 0.4500789675556157,
    "frr": 0.846441947565543,
    "n_gen": 267,
    "n_imp": 415
  },
  "delta_auc": -0.23151482333829698,
  "gate": false
}