{
  "F03": {
    "grp": "DYS",
    "within_med": 0.04621237516403198,
    "cross_med": 0.05315506458282471,
    "ratio": 1.1502344208483004,
    "n_words": 77,
    "n_within": 81,
    "n_cross": 69
  },
  "FC03": {
    "grp": "CTL",
    "within_med": 0.01316535472869873,
    "cross_med": 0.024279356002807617,
    "ratio": 1.8441854779561568,
    "n_words": 136,
    "n_within": 179,
    "n_cross": 221
  },
  "_read": {
    "dys_ratio": 1.1502344208483004,
    "ctl_ratio": 1.8441854779561568,
    "drift": false
  }
}