{
  "mean": {
    "frr": 0.05701754385964911,
    "far": 0.033783783783783786,
    "band": 800
  },
  "std": {
    "frr": 0.05921052631578947,
    "far": 0.04054054054054054,
    "band": 800
  },
  "meanstd": {
    "frr": 0.047149122807017545,
    "far": 0.03547297297297297,
    "band": 900
  },
  "meanstdskew": {
    "frr": 0.09649122807017543,
    "far": 0.04222972972972973,
    "band": 800
  },
  "meanstdskewkurt": {
    "frr": 0.10416666666666667,
    "far": 0.03885135135135135,
    "band": 800
  },
  "seg2": {
    "frr": 0.08114035087719298,
    "far": 0.037162162162162164,
    "band": 800
  },
  "seg3": {
    "frr": 0.09758771929824561,
    "far": 0.037162162162162164,
    "band": 800
  }
}