{
  "mode": "meanstd",
  "layer": 12,
  "variant": {
    "agg_frr": 0.047149122807017545,
    "agg_far": 0.03547297297297297,
    "band": 900,
    "per_spk": {
      "b5cf6ea8": 0.02083333333333337,
      "2aca1e72": 0.16666666666666663,
      "c50f55b8": 0.0,
      "5ebc1cda": 0.0,
      "5f9cd2eb": 0.02083333333333337,
      "893705bb": 0.14583333333333337,
      "ef3367d9": 0.0,
      "4c6167ca": 0.04166666666666663,
      "b66f4f93": 0.0,
      "c1d39ce8": 0.14583333333333337,
      "cce7416f": 0.0,
      "ddedba85": 0.0,
      "b4ea0d9a": 0.0,
      "de89e2ca": 0.0,
      "ab46af55": 0.0625,
      "25e95412": 0.0,
      "4c6944d6": 0.04166666666666663,
      "98ea0818": 0.20833333333333337,
      "c120e80e": 0.04166666666666663
    }
  },
  "meanpool": {
    "agg_frr": 0.05811403508771929,
    "agg_far": 0.03885135135135135,
    "per_spk": {
      "b5cf6ea8": 0.04166666666666663,
      "2aca1e72": 0.25,
      "c50f55b8": 0.0,
      "5ebc1cda": 0.0,
      "5f9cd2eb": 0.04166666666666663,
      "893705bb": 0.10416666666666663,
      "ef3367d9": 0.0,
      "4c6167ca": 0.04166666666666663,
      "b66f4f93": 0.0,
      "c1d39ce8": 0.1875,
      "cce7416f": 0.0,
      "ddedba85": 0.0,
      "b4ea0d9a": 0.0,
      "de89e2ca": 0.0,
      "ab46af55": 0.0625,
      "25e95412": 0.0,
      "4c6944d6": 0.0625,
      "98ea0818": 0.27083333333333337,
      "c120e80e": 0.04166666666666663
    }
  },
  "direction": {
    "better": 6,
    "worse": 1,
    "tie": 12
  },
  "hard_split": {
    "n_fr": 25,
    "n_wrong": 13,
    "n_below": 12
  },
  "tag": "wavlm_large",
  "mp_layer": 12,
  "mcnemar": [
    {
      "target_far": 0.02,
      "far_meanpool": 0.018581081081081082,
      "far_variant": 0.018581081081081082,
      "frr_meanpool_pooled": 0.11513157894736847,
      "frr_variant_pooled": 0.09539473684210531,
      "b": 0,
      "c": 18,
      "chi2": 16.055555555555557,
      "p": 6.151089035272801e-05
    },
    {
      "target_far": 0.0389,
      "far_meanpool": 0.03885135135135135,
      "far_variant": 0.03885135135135135,
      "frr_meanpool_pooled": 0.07456140350877194,
      "frr_variant_pooled": 0.054824561403508776,
      "b": 1,
      "c": 19,
      "chi2": 14.45,
      "p": 0.00014392985649715697
    },
    {
      "target_far": 0.05,
      "far_meanpool": 0.048986486486486486,
      "far_variant": 0.048986486486486486,
      "frr_meanpool_pooled": 0.06688596491228072,
      "frr_variant_pooled": 0.04714912280701755,
      "b": 1,
      "c": 19,
      "chi2": 14.45,
      "p": 0.00014392985649715697
    },
    {
      "target_far": 0.08,
      "far_meanpool": 0.07939189189189189,
      "far_variant": 0.07939189189189189,
      "frr_meanpool_pooled": 0.052631578947368474,
      "frr_variant_pooled": 0.046052631578947345,
      "b": 2,
      "c": 8,
      "chi2": 2.5,
      "p": 0.11384629800665803
    }
  ]
}