{
  "mode": "std",
  "layer": 2,
  "variant": {
    "agg_frr": 0.06359649122807018,
    "agg_far": 0.033783783783783786,
    "band": 800,
    "per_spk": {
      "b5cf6ea8": 0.02083333333333337,
      "2aca1e72": 0.16666666666666663,
      "c50f55b8": 0.0,
      "5ebc1cda": 0.0,
      "5f9cd2eb": 0.04166666666666663,
      "893705bb": 0.1875,
      "ef3367d9": 0.0,
      "4c6167ca": 0.02083333333333337,
      "b66f4f93": 0.0,
      "c1d39ce8": 0.16666666666666663,
      "cce7416f": 0.0,
      "ddedba85": 0.0,
      "b4ea0d9a": 0.04166666666666663,
      "de89e2ca": 0.0,
      "ab46af55": 0.02083333333333337,
      "25e95412": 0.02083333333333337,
      "4c6944d6": 0.0625,
      "98ea0818": 0.45833333333333337,
      "c120e80e": 0.0
    }
  },
  "meanpool": {
    "agg_frr": 0.09320175438596492,
    "agg_far": 0.03209459459459459,
    "per_spk": {
      "b5cf6ea8": 0.02083333333333337,
      "2aca1e72": 0.27083333333333337,
      "c50f55b8": 0.02083333333333337,
      "5ebc1cda": 0.02083333333333337,
      "5f9cd2eb": 0.04166666666666663,
      "893705bb": 0.29166666666666663,
      "ef3367d9": 0.0,
      "4c6167ca": 0.10416666666666663,
      "b66f4f93": 0.02083333333333337,
      "c1d39ce8": 0.20833333333333337,
      "cce7416f": 0.0,
      "ddedba85": 0.02083333333333337,
      "b4ea0d9a": 0.04166666666666663,
      "de89e2ca": 0.0,
      "ab46af55": 0.04166666666666663,
      "25e95412": 0.02083333333333337,
      "4c6944d6": 0.08333333333333337,
      "98ea0818": 0.5416666666666667,
      "c120e80e": 0.02083333333333337
    }
  },
  "direction": {
    "better": 12,
    "worse": 0,
    "tie": 7
  },
  "hard_split": {
    "n_fr": 38,
    "n_wrong": 16,
    "n_below": 22
  },
  "tag": "distilhubert",
  "mp_layer": 2,
  "mcnemar": [
    {
      "target_far": 0.02,
      "far_meanpool": 0.018581081081081082,
      "far_variant": 0.018581081081081082,
      "frr_meanpool_pooled": 0.14692982456140347,
      "frr_variant_pooled": 0.10307017543859653,
      "b": 7,
      "c": 47,
      "chi2": 28.166666666666668,
      "p": 1.1130505569040589e-07
    },
    {
      "target_far": 0.0389,
      "far_meanpool": 0.037162162162162164,
      "far_variant": 0.03885135135135135,
      "frr_meanpool_pooled": 0.12938596491228072,
      "frr_variant_pooled": 0.08552631578947367,
      "b": 7,
      "c": 47,
      "chi2": 28.166666666666668,
      "p": 1.1130505569040589e-07
    },
    {
      "target_far": 0.05,
      "far_meanpool": 0.048986486486486486,
      "far_variant": 0.048986486486486486,
      "frr_meanpool_pooled": 0.11732456140350878,
      "frr_variant_pooled": 0.08333333333333337,
      "b": 10,
      "c": 41,
      "chi2": 17.647058823529413,
      "p": 2.6592618550786606e-05
    },
    {
      "target_far": 0.08,
      "far_meanpool": 0.07939189189189189,
      "far_variant": 0.07939189189189189,
      "frr_meanpool_pooled": 0.09210526315789469,
      "frr_variant_pooled": 0.07456140350877194,
      "b": 11,
      "c": 27,
      "chi2": 5.921052631578948,
      "p": 0.014961017675175686
    }
  ]
}