{
  "layer": 12,
  "band_ratio": 0.1,
  "frame": {
    "agg_frr": 0.1206140350877193,
    "agg_far": 0.04054054054054054,
    "band": 800,
    "per_spk": {
      "b5cf6ea8": 0.10416666666666663,
      "2aca1e72": 0.29166666666666663,
      "c50f55b8": 0.02083333333333337,
      "5ebc1cda": 0.14583333333333337,
      "5f9cd2eb": 0.0625,
      "893705bb": 0.22916666666666663,
      "ef3367d9": 0.02083333333333337,
      "4c6167ca": 0.0625,
      "b66f4f93": 0.04166666666666663,
      "c1d39ce8": 0.20833333333333337,
      "cce7416f": 0.04166666666666663,
      "ddedba85": 0.0625,
      "b4ea0d9a": 0.10416666666666663,
      "de89e2ca": 0.04166666666666663,
      "ab46af55": 0.125,
      "25e95412": 0.0625,
      "4c6944d6": 0.10416666666666663,
      "98ea0818": 0.5416666666666667,
      "c120e80e": 0.02083333333333337
    }
  },
  "meanpool": {
    "agg_frr": 0.05811403508771929,
    "agg_far": 0.03885135135135135,
    "per_spk": {
      "b5cf6ea8": 0.04166666666666663,
      "2aca1e72": 0.25,
      "c50f55b8": 0.0,
      "5ebc1cda": 0.0,
      "5f9cd2eb": 0.04166666666666663,
      "893705bb": 0.10416666666666663,
      "ef3367d9": 0.0,
      "4c6167ca": 0.04166666666666663,
      "b66f4f93": 0.0,
      "c1d39ce8": 0.1875,
      "cce7416f": 0.0,
      "ddedba85": 0.0,
      "b4ea0d9a": 0.0,
      "de89e2ca": 0.0,
      "ab46af55": 0.0625,
      "25e95412": 0.0,
      "4c6944d6": 0.0625,
      "98ea0818": 0.27083333333333337,
      "c120e80e": 0.04166666666666663
    }
  },
  "hard_split": {
    "n_fr": 50,
    "n_wrong": 23,
    "n_below": 27
  },
  "mcnemar": [
    {
      "target_far": 0.0389,
      "far_meanpool": 0.03885135135135135,
      "far_frame": 0.037162162162162164,
      "frr_meanpool": 0.07456140350877194,
      "frr_frame": 0.14144736842105265,
      "b": 61,
      "c": 0,
      "chi2": 59.01639344262295,
      "p": 1.563638145784153e-14
    },
    {
      "target_far": 0.05,
      "far_meanpool": 0.048986486486486486,
      "far_frame": 0.048986486486486486,
      "frr_meanpool": 0.06688596491228072,
      "frr_frame": 0.13377192982456143,
      "b": 62,
      "c": 1,
      "chi2": 57.142857142857146,
      "p": 4.052771052674098e-14
    }
  ]
}