{
  "mean": {
    "frr": 0.06359649122807018,
    "far": 0.030405405405405407,
    "band": 800
  },
  "meanstd": {
    "frr": 0.05263157894736842,
    "far": 0.033783783783783786,
    "band": 800
  },
  "max": {
    "frr": 0.13706140350877194,
    "far": 0.03885135135135135,
    "band": 800
  },
  "gem": {
    "frr": 0.10635964912280702,
    "far": 0.033783783783783786,
    "band": 800
  }
}