{
  "mode": "meanstd",
  "layer": 2,
  "variant": {
    "agg_frr": 0.08223684210526316,
    "agg_far": 0.037162162162162164,
    "band": 800,
    "per_spk": {
      "b5cf6ea8": 0.02083333333333337,
      "2aca1e72": 0.22916666666666663,
      "c50f55b8": 0.02083333333333337,
      "5ebc1cda": 0.02083333333333337,
      "5f9cd2eb": 0.0625,
      "893705bb": 0.27083333333333337,
      "ef3367d9": 0.0,
      "4c6167ca": 0.02083333333333337,
      "b66f4f93": 0.0,
      "c1d39ce8": 0.27083333333333337,
      "cce7416f": 0.0,
      "ddedba85": 0.02083333333333337,
      "b4ea0d9a": 0.04166666666666663,
      "de89e2ca": 0.0,
      "ab46af55": 0.04166666666666663,
      "25e95412": 0.02083333333333337,
      "4c6944d6": 0.0625,
      "98ea0818": 0.4375,
      "c120e80e": 0.02083333333333337
    }
  },
  "meanpool": {
    "agg_frr": 0.09320175438596492,
    "agg_far": 0.03209459459459459,
    "per_spk": {
      "b5cf6ea8": 0.02083333333333337,
      "2aca1e72": 0.27083333333333337,
      "c50f55b8": 0.02083333333333337,
      "5ebc1cda": 0.02083333333333337,
      "5f9cd2eb": 0.04166666666666663,
      "893705bb": 0.29166666666666663,
      "ef3367d9": 0.0,
      "4c6167ca": 0.10416666666666663,
      "b66f4f93": 0.02083333333333337,
      "c1d39ce8": 0.20833333333333337,
      "cce7416f": 0.0,
      "ddedba85": 0.02083333333333337,
      "b4ea0d9a": 0.04166666666666663,
      "de89e2ca": 0.0,
      "ab46af55": 0.04166666666666663,
      "25e95412": 0.02083333333333337,
      "4c6944d6": 0.08333333333333337,
      "98ea0818": 0.5416666666666667,
      "c120e80e": 0.02083333333333337
    }
  },
  "direction": {
    "better": 6,
    "worse": 2,
    "tie": 11
  },
  "hard_split": {
    "n_fr": 45,
    "n_wrong": 20,
    "n_below": 25
  },
  "tag": "distilhubert",
  "mp_layer": 2,
  "mcnemar": [
    {
      "target_far": 0.02,
      "far_meanpool": 0.018581081081081082,
      "far_variant": 0.018581081081081082,
      "frr_meanpool_pooled": 0.14692982456140347,
      "frr_variant_pooled": 0.10964912280701755,
      "b": 1,
      "c": 35,
      "chi2": 30.25,
      "p": 3.7979124931775475e-08
    },
    {
      "target_far": 0.0389,
      "far_meanpool": 0.037162162162162164,
      "far_variant": 0.03885135135135135,
      "frr_meanpool_pooled": 0.12938596491228072,
      "frr_variant_pooled": 0.0932017543859649,
      "b": 1,
      "c": 34,
      "chi2": 29.257142857142856,
      "p": 6.338214846064506e-08
    },
    {
      "target_far": 0.05,
      "far_meanpool": 0.048986486486486486,
      "far_variant": 0.048986486486486486,
      "frr_meanpool_pooled": 0.11732456140350878,
      "frr_variant_pooled": 0.08991228070175439,
      "b": 4,
      "c": 29,
      "chi2": 17.454545454545453,
      "p": 2.9425984036183837e-05
    },
    {
      "target_far": 0.08,
      "far_meanpool": 0.07939189189189189,
      "far_variant": 0.07939189189189189,
      "frr_meanpool_pooled": 0.09210526315789469,
      "frr_variant_pooled": 0.07894736842105265,
      "b": 3,
      "c": 15,
      "chi2": 6.722222222222222,
      "p": 0.009521891184098845
    }
  ]
}