{
  "mode": "std",
  "layer": 12,
  "variant": {
    "agg_frr": 0.08114035087719298,
    "agg_far": 0.04054054054054054,
    "band": 800,
    "per_spk": {
      "b5cf6ea8": 0.02083333333333337,
      "2aca1e72": 0.16666666666666663,
      "c50f55b8": 0.02083333333333337,
      "5ebc1cda": 0.04166666666666663,
      "5f9cd2eb": 0.0,
      "893705bb": 0.25,
      "ef3367d9": 0.0,
      "4c6167ca": 0.04166666666666663,
      "b66f4f93": 0.0625,
      "c1d39ce8": 0.1875,
      "cce7416f": 0.0,
      "ddedba85": 0.04166666666666663,
      "b4ea0d9a": 0.0625,
      "de89e2ca": 0.0,
      "ab46af55": 0.04166666666666663,
      "25e95412": 0.04166666666666663,
      "4c6944d6": 0.125,
      "98ea0818": 0.39583333333333337,
      "c120e80e": 0.04166666666666663
    }
  },
  "meanpool": {
    "agg_frr": 0.08771929824561403,
    "agg_far": 0.04054054054054054,
    "per_spk": {
      "b5cf6ea8": 0.02083333333333337,
      "2aca1e72": 0.1875,
      "c50f55b8": 0.02083333333333337,
      "5ebc1cda": 0.0,
      "5f9cd2eb": 0.02083333333333337,
      "893705bb": 0.33333333333333337,
      "ef3367d9": 0.0,
      "4c6167ca": 0.02083333333333337,
      "b66f4f93": 0.0,
      "c1d39ce8": 0.16666666666666663,
      "cce7416f": 0.0,
      "ddedba85": 0.0625,
      "b4ea0d9a": 0.04166666666666663,
      "de89e2ca": 0.0,
      "ab46af55": 0.02083333333333337,
      "25e95412": 0.0,
      "4c6944d6": 0.1875,
      "98ea0818": 0.5625,
      "c120e80e": 0.02083333333333337
    }
  },
  "direction": {
    "better": 6,
    "worse": 8,
    "tie": 5
  },
  "hard_split": {
    "n_fr": 36,
    "n_wrong": 16,
    "n_below": 20
  },
  "tag": "wavlm-base-plus",
  "mp_layer": 12,
  "mcnemar": [
    {
      "target_far": 0.02,
      "far_meanpool": 0.018581081081081082,
      "far_variant": 0.018581081081081082,
      "frr_meanpool_pooled": 0.13048245614035092,
      "frr_variant_pooled": 0.0942982456140351,
      "b": 2,
      "c": 35,
      "chi2": 27.675675675675677,
      "p": 1.4345526239753832e-07
    },
    {
      "target_far": 0.0389,
      "far_meanpool": 0.03885135135135135,
      "far_variant": 0.03885135135135135,
      "frr_meanpool_pooled": 0.08114035087719296,
      "frr_variant_pooled": 0.08333333333333337,
      "b": 14,
      "c": 12,
      "chi2": 0.038461538461538464,
      "p": 0.84451926747294
    },
    {
      "target_far": 0.05,
      "far_meanpool": 0.048986486486486486,
      "far_variant": 0.048986486486486486,
      "frr_meanpool_pooled": 0.07017543859649122,
      "frr_variant_pooled": 0.08114035087719296,
      "b": 18,
      "c": 8,
      "chi2": 3.1153846153846154,
      "p": 0.0775561667436655
    },
    {
      "target_far": 0.08,
      "far_meanpool": 0.07939189189189189,
      "far_variant": 0.07939189189189189,
      "frr_meanpool_pooled": 0.0603070175438597,
      "frr_variant_pooled": 0.07127192982456143,
      "b": 18,
      "c": 8,
      "chi2": 3.1153846153846154,
      "p": 0.0775561667436655
    }
  ]
}