{
  "layer": 6,
  "band_ratio": 0.1,
  "frame": {
    "agg_frr": 0.13815789473684212,
    "agg_far": 0.04391891891891892,
    "band": 800,
    "per_spk": {
      "b5cf6ea8": 0.08333333333333337,
      "2aca1e72": 0.27083333333333337,
      "c50f55b8": 0.02083333333333337,
      "5ebc1cda": 0.14583333333333337,
      "5f9cd2eb": 0.10416666666666663,
      "893705bb": 0.29166666666666663,
      "ef3367d9": 0.02083333333333337,
      "4c6167ca": 0.125,
      "b66f4f93": 0.0625,
      "c1d39ce8": 0.22916666666666663,
      "cce7416f": 0.0625,
      "ddedba85": 0.0625,
      "b4ea0d9a": 0.125,
      "de89e2ca": 0.0625,
      "ab46af55": 0.125,
      "25e95412": 0.04166666666666663,
      "4c6944d6": 0.14583333333333337,
      "98ea0818": 0.5833333333333333,
      "c120e80e": 0.0625
    }
  },
  "meanpool": {
    "agg_frr": 0.05811403508771929,
    "agg_far": 0.03885135135135135,
    "per_spk": {
      "b5cf6ea8": 0.04166666666666663,
      "2aca1e72": 0.25,
      "c50f55b8": 0.0,
      "5ebc1cda": 0.0,
      "5f9cd2eb": 0.04166666666666663,
      "893705bb": 0.10416666666666663,
      "ef3367d9": 0.0,
      "4c6167ca": 0.04166666666666663,
      "b66f4f93": 0.0,
      "c1d39ce8": 0.1875,
      "cce7416f": 0.0,
      "ddedba85": 0.0,
      "b4ea0d9a": 0.0,
      "de89e2ca": 0.0,
      "ab46af55": 0.0625,
      "25e95412": 0.0,
      "4c6944d6": 0.0625,
      "98ea0818": 0.27083333333333337,
      "c120e80e": 0.04166666666666663
    }
  },
  "hard_split": {
    "n_fr": 52,
    "n_wrong": 22,
    "n_below": 30
  },
  "mcnemar": [
    {
      "target_far": 0.0389,
      "far_meanpool": 0.03885135135135135,
      "far_frame": 0.037162162162162164,
      "frr_meanpool": 0.07456140350877194,
      "frr_frame": 0.16228070175438591,
      "b": 80,
      "c": 0,
      "chi2": 78.0125,
      "p": 1.0239055314954251e-18
    },
    {
      "target_far": 0.05,
      "far_meanpool": 0.048986486486486486,
      "far_frame": 0.048986486486486486,
      "frr_meanpool": 0.06688596491228072,
      "frr_frame": 0.1567982456140351,
      "b": 82,
      "c": 0,
      "chi2": 80.01219512195122,
      "p": 3.721060061017242e-19
    }
  ]
}