{
  "mean": {
    "frr": 0.05701754385964911,
    "far": 0.033783783783783786,
    "band": 800
  },
  "std": {
    "frr": 0.05921052631578947,
    "far": 0.04054054054054054,
    "band": 800
  },
  "meanstd": {
    "frr": 0.047149122807017545,
    "far": 0.03547297297297297,
    "band": 900
  },
  "max": {
    "frr": 0.09539473684210527,
    "far": 0.05405405405405406,
    "band": 800
  },
  "gem": {
    "frr": 0.09649122807017543,
    "far": 0.037162162162162164,
    "band": 800
  }
}