{
  "DYSARTHRIC/raw": 0.574468085106383,
  "DYSARTHRIC/zca/r16/eps0.01": 0.5602836879432624,
  "DYSARTHRIC/zca/r16/eps0.1": 0.5602836879432624,
  "DYSARTHRIC/zca/r16/eps0.3": 0.5602836879432624,
  "DYSARTHRIC/zca/r32/eps0.01": 0.46808510638297873,
  "DYSARTHRIC/zca/r32/eps0.1": 0.475177304964539,
  "DYSARTHRIC/zca/r32/eps0.3": 0.475177304964539,
  "DYSARTHRIC/zca/r64/eps0.01": 0.3900709219858156,
  "DYSARTHRIC/zca/r64/eps0.1": 0.41134751773049644,
  "DYSARTHRIC/zca/r64/eps0.3": 0.41134751773049644,
  "DYSARTHRIC/lda/r16/eps0.01": 0.5531914893617021,
  "DYSARTHRIC/lda/r16/eps0.1": 0.5602836879432624,
  "DYSARTHRIC/lda/r16/eps0.3": 0.5602836879432624,
  "DYSARTHRIC/lda/r32/eps0.01": 0.48936170212765956,
  "DYSARTHRIC/lda/r32/eps0.1": 0.475177304964539,
  "DYSARTHRIC/lda/r32/eps0.3": 0.475177304964539,
  "DYSARTHRIC/lda/r64/eps0.01": 0.3900709219858156,
  "DYSARTHRIC/lda/r64/eps0.1": 0.3971631205673759,
  "DYSARTHRIC/lda/r64/eps0.3": 0.41134751773049644,
  "TYPICAL(control)/raw": 0.1375,
  "TYPICAL(control)/zca/r16/eps0.01": 0.08125,
  "TYPICAL(control)/zca/r16/eps0.1": 0.08125,
  "TYPICAL(control)/zca/r16/eps0.3": 0.08125,
  "TYPICAL(control)/zca/r32/eps0.01": 0.0625,
  "TYPICAL(control)/zca/r32/eps0.1": 0.05625,
  "TYPICAL(control)/zca/r32/eps0.3": 0.05625,
  "TYPICAL(control)/zca/r64/eps0.01": 0.05,
  "TYPICAL(control)/zca/r64/eps0.1": 0.05625,
  "TYPICAL(control)/zca/r64/eps0.3": 0.05625,
  "TYPICAL(control)/lda/r16/eps0.01": 0.075,
  "TYPICAL(control)/lda/r16/eps0.1": 0.08125,
  "TYPICAL(control)/lda/r16/eps0.3": 0.08125,
  "TYPICAL(control)/lda/r32/eps0.01": 0.0625,
  "TYPICAL(control)/lda/r32/eps0.1": 0.05625,
  "TYPICAL(control)/lda/r32/eps0.3": 0.05625,
  "TYPICAL(control)/lda/r64/eps0.01": 0.05,
  "TYPICAL(control)/lda/r64/eps0.1": 0.05625,
  "TYPICAL(control)/lda/r64/eps0.3": 0.05625
}