{
  "config": {
    "method": "zca",
    "r": 32,
    "eps": 0.1
  },
  "dys": {
    "raw": 0.5531914893617021,
    "zca": 0.44680851063829785,
    "b": 5,
    "c": 20,
    "p": 0.004077315330505371,
    "n": 141
  },
  "ctl": {
    "raw": 0.13749999999999996,
    "zca": 0.050000000000000044,
    "b": 0,
    "c": 14,
    "p": 0.0001220703125,
    "n": 160
  },
  "gsc": {
    "raw": 0.0625,
    "zca": 0.12061403508771928,
    "b": 55,
    "c": 2,
    "p": 2.295386103412511e-14,
    "n": 912
  }
}