{
  "F01/ALL commands": {
    "within": 0.03699178621172905,
    "betw_min": 0.04182112614313761,
    "fisher": 1.1305516825753419,
    "rank1err": 0.1875,
    "nwords": 15,
    "nq": 32
  },
  "F03/ALL commands": {
    "within": 0.04779798436809231,
    "betw_min": 0.04280012149315376,
    "fisher": 0.8954377900865023,
    "rank1err": 0.24864864864864866,
    "nwords": 77,
    "nq": 185
  },
  "F04/ALL commands": {
    "within": 0.040293703079223635,
    "betw_min": 0.0436856746673584,
    "fisher": 1.084181182887699,
    "rank1err": 0.18,
    "nwords": 21,
    "nq": 50
  },
  "FC01/ALL commands": {
    "within": 0.015476289917440975,
    "betw_min": 0.047777313739061356,
    "fisher": 3.087129666989425,
    "rank1err": 0.0,
    "nwords": 16,
    "nq": 34
  },
  "FC02/ALL commands": {
    "within": 0.012501224275712996,
    "betw_min": 0.030690271992328738,
    "fisher": 2.4549813134664644,
    "rank1err": 0.07120743034055728,
    "nwords": 121,
    "nq": 323
  },
  "FC03/ALL commands": {
    "within": 0.022390528385072713,
    "betw_min": 0.028794023482238546,
    "fisher": 1.2859912453622535,
    "rank1err": 0.185378590078329,
    "nwords": 136,
    "nq": 383
  },
  "F01/vocab-distinct<=25": {
    "within": 0.03699178621172905,
    "betw_min": 0.04182112614313761,
    "fisher": 1.1305516825753419,
    "rank1err": 0.1875,
    "nwords": 15,
    "nq": 32
  },
  "F03/vocab-distinct<=25": {
    "within": 0.05413886652154438,
    "betw_min": 0.07026867866516114,
    "fisher": 1.2979340569902393,
    "rank1err": 0.1016949152542373,
    "nwords": 25,
    "nq": 59
  },
  "F04/vocab-distinct<=25": {
    "within": 0.040293703079223635,
    "betw_min": 0.0436856746673584,
    "fisher": 1.084181182887699,
    "rank1err": 0.18,
    "nwords": 21,
    "nq": 50
  },
  "FC01/vocab-distinct<=25": {
    "within": 0.015476289917440975,
    "betw_min": 0.047777313739061356,
    "fisher": 3.087129666989425,
    "rank1err": 0.0,
    "nwords": 16,
    "nq": 34
  },
  "FC02/vocab-distinct<=25": {
    "within": 0.01391916601888595,
    "betw_min": 0.0767792820930481,
    "fisher": 5.516083505927843,
    "rank1err": 0.0,
    "nwords": 25,
    "nq": 62
  },
  "FC03/vocab-distinct<=25": {
    "within": 0.020287825725972652,
    "betw_min": 0.07005725860595703,
    "fisher": 3.453167409471046,
    "rank1err": 0.03125,
    "nwords": 25,
    "nq": 64
  }
}