{
  "agg_r1": 0.7415730337078652,
  "agg_frr": 0.6479400749063671,
  "agg_far": 0.04819277108433735,
  "per_spk": {
    "F01": [
      0.875,
      0.656,
      0.045
    ],
    "F03": [
      0.665,
      0.708,
      0.045
    ],
    "F04": [
      0.94,
      0.42,
      0.056
    ]
  }
}