{
  "agg_r1": 0.7865168539325843,
  "agg_frr": 0.5543071161048689,
  "agg_far": 0.05542168674698795,
  "per_spk": {
    "F01": [
      0.781,
      0.75,
      0.076
    ],
    "F03": [
      0.751,
      0.616,
      0.049
    ],
    "F04": [
      0.92,
      0.2,
      0.056
    ]
  }
}