{
  "model": "wavlm-base-plus",
  "layer": 10,
  "dout": 128,
  "frozen": {
    "r1": 0.7153558052434457,
    "frr": 0.651685393258427,
    "far": 0.04819277108433735
  },
  "learned": {
    "r1": 0.6928838951310862,
    "frr": 0.6254681647940075,
    "far": 0.05301204819277108,
    "per_spk": {
      "F01": [
        0.781,
        0.688,
        0.061
      ],
      "F03": [
        0.627,
        0.692,
        0.049
      ],
      "F04": [
        0.88,
        0.34,
        0.056
      ]
    }
  }
}