{
  "per_speaker": {
    "F01": {
      "a0_frr": 0.53125,
      "a0_far": 0.12121212121212122,
      "stack_frr": 0.625,
      "stack_far": 0.030303030303030304,
      "dfrr_pp": -9.375,
      "band": 500,
      "npos": 32,
      "nneg": 66
    },
    "F03": {
      "a0_frr": 0.5783783783783784,
      "a0_far": 0.1031390134529148,
      "stack_frr": 0.5297297297297296,
      "stack_far": 0.1210762331838565,
      "dfrr_pp": 4.86486486486487,
      "band": 500,
      "npos": 185,
      "nneg": 223
    },
    "F04": {
      "a0_frr": 0.36,
      "a0_far": 0.10317460317460317,
      "stack_frr": 0.52,
      "stack_far": 0.06349206349206349,
      "dfrr_pp": -16.000000000000004,
      "band": 500,
      "npos": 50,
      "nneg": 126
    },
    "M01": {
      "a0_frr": 0.6627906976744187,
      "a0_far": 0.09183673469387756,
      "stack_frr": 0.627906976744186,
      "stack_far": 0.07653061224489796,
      "dfrr_pp": 3.488372093023262,
      "band": 500,
      "npos": 86,
      "nneg": 196
    },
    "M02": {
      "a0_frr": 0.6136363636363636,
      "a0_far": 0.0861244019138756,
      "stack_frr": 0.6022727272727273,
      "stack_far": 0.07655502392344497,
      "dfrr_pp": 1.1363636363636354,
      "band": 500,
      "npos": 88,
      "nneg": 209
    },
    "M03": {
      "a0_frr": 0.39583333333333337,
      "a0_far": 0.11162790697674418,
      "stack_frr": 0.38541666666666663,
      "stack_far": 0.08837209302325581,
      "dfrr_pp": 1.041666666666674,
      "band": 600,
      "npos": 96,
      "nneg": 215
    },
    "M04": {
      "a0_frr": 0.7682926829268293,
      "a0_far": 0.0916030534351145,
      "stack_frr": 0.6707317073170731,
      "stack_far": 0.08396946564885496,
      "dfrr_pp": 9.756097560975618,
      "band": 500,
      "npos": 82,
      "nneg": 131
    },
    "M05": {
      "a0_frr": 0.6622516556291391,
      "a0_far": 0.10222222222222223,
      "stack_frr": 0.7814569536423841,
      "stack_far": 0.14222222222222222,
      "dfrr_pp": -11.920529801324498,
      "band": 500,
      "npos": 151,
      "nneg": 225
    }
  },
  "verdict": {
    "moderate_stack_dfrr": 3.1632001980839224,
    "moderate_stack_far": 0.09138728978406647,
    "band900_live": false
  }
}