{
  "F01/random": {
    "floor": 0.0,
    "frr": 0.6
  },
  "F01/centroid": {
    "floor": 0.2727272727272727,
    "frr": 0.5454545454545454
  },
  "F01/confusion": {
    "floor": 0.4166666666666667,
    "frr": 0.9166666666666666
  },
  "F03/random": {
    "floor": 0.08333333333333333,
    "frr": 0.3333333333333333
  },
  "F03/centroid": {
    "floor": 0.18181818181818182,
    "frr": 0.5454545454545454
  },
  "F03/confusion": {
    "floor": 0.0,
    "frr": 0.2
  },
  "F04/random": {
    "floor": 0.07692307692307693,
    "frr": 0.23076923076923078
  },
  "F04/centroid": {
    "floor": 0.2,
    "frr": 0.4
  },
  "F04/confusion": {
    "floor": 0.36363636363636365,
    "frr": 0.5454545454545454
  }
}