{
  "M01": {
    "within": 0.04558375423604792,
    "fisher": 1.038320340651159,
    "rank1conf": 0.23636363636363636,
    "d2_frr": 0.5636363636363636,
    "nwords": 25
  },
  "M02": {
    "within": 0.0509796235068091,
    "fisher": 0.9932260245327001,
    "rank1conf": 0.2413793103448276,
    "d2_frr": 0.6379310344827587,
    "nwords": 25
  },
  "M03": {
    "within": 0.02555530938235196,
    "fisher": 1.8554374052895453,
    "rank1conf": 0.10909090909090909,
    "d2_frr": 0.2727272727272727,
    "nwords": 25
  },
  "M04": {
    "within": 0.05963007254259927,
    "fisher": 0.7374960589134386,
    "rank1conf": 0.44642857142857145,
    "d2_frr": 0.8214285714285714,
    "nwords": 25
  },
  "M05": {
    "within": 0.09984914804327077,
    "fisher": 0.7027565655879718,
    "rank1conf": 0.27586206896551724,
    "d2_frr": 0.896551724137931,
    "nwords": 25
  }
}