{
  "M01": {
    "raw": 0.5636363636363637,
    "g1": 0.509090909090909,
    "b": 2,
    "c": 5,
    "p": 0.453125,
    "n": 55
  },
  "M02": {
    "raw": 0.6379310344827587,
    "g1": 0.7586206896551724,
    "b": 8,
    "c": 1,
    "p": 0.0390625,
    "n": 58
  },
  "M03": {
    "raw": 0.2727272727272727,
    "g1": 0.2545454545454545,
    "b": 3,
    "c": 4,
    "p": 1.0,
    "n": 55
  },
  "M04": {
    "raw": 0.8214285714285714,
    "g1": 0.8214285714285714,
    "b": 4,
    "c": 4,
    "p": 1.0,
    "n": 56
  },
  "M05": {
    "raw": 0.7931034482758621,
    "g1": 0.8103448275862069,
    "b": 4,
    "c": 3,
    "p": 1.0,
    "n": 58
  },
  "_pooled": {
    "raw": 0.6205673758865249,
    "g1": 0.6347517730496454,
    "b": 21,
    "c": 17,
    "p": 0.6271025701571489,
    "n": 282,
    "verdict": "null (underpowered/no effect)"
  }
}