{
  "far_target": 0.05,
  "max_tpl": 3,
  "max_neg": 60,
  "per_speaker": {
    "F01": {
      "pool": {
        "frr": 0.1875,
        "far": 0.0,
        "npos": 32,
        "nneg": 0,
        "auc": NaN
      },
      "fdtw": {
        "frr": 0.3125,
        "far": 0.0,
        "npos": 32,
        "nneg": 0,
        "auc": NaN
      },
      "dfrr_pp": -12.5
    },
    "F03": {
      "pool": {
        "frr": 0.22162162162162158,
        "far": 0.0,
        "npos": 185,
        "nneg": 0,
        "auc": NaN
      },
      "fdtw": {
        "frr": 0.39459459459459456,
        "far": 0.0,
        "npos": 185,
        "nneg": 0,
        "auc": NaN
      },
      "dfrr_pp": -17.2972972972973
    },
    "F04": {
      "pool": {
        "frr": 0.18000000000000005,
        "far": 0.0,
        "npos": 50,
        "nneg": 0,
        "auc": NaN
      },
      "fdtw": {
        "frr": 0.38,
        "far": 0.0,
        "npos": 50,
        "nneg": 0,
        "auc": NaN
      },
      "dfrr_pp": -19.999999999999996
    },
    "M01": {
      "pool": {
        "frr": 0.5813953488372092,
        "far": 0.05,
        "npos": 86,
        "nneg": 60,
        "auc": 0.8410919540229885
      },
      "fdtw": {
        "frr": 0.627906976744186,
        "far": 0.05,
        "npos": 86,
        "nneg": 60,
        "auc": 0.8933333333333333
      },
      "dfrr_pp": -4.651162790697683
    },
    "M02": {
      "pool": {
        "frr": 0.5795454545454546,
        "far": 0.05,
        "npos": 88,
        "nneg": 60,
        "auc": 0.8909356725146199
      },
      "fdtw": {
        "frr": 0.5909090909090908,
        "far": 0.05,
        "npos": 88,
        "nneg": 60,
        "auc": 0.9340136054421768
      },
      "dfrr_pp": -1.1363636363636243
    },
    "M03": {
      "pool": {
        "frr": 0.3125,
        "far": 0.05,
        "npos": 96,
        "nneg": 60,
        "auc": 0.9071705426356589
      },
      "fdtw": {
        "frr": 0.36458333333333337,
        "far": 0.06666666666666667,
        "npos": 96,
        "nneg": 60,
        "auc": 0.961352657004831
      },
      "dfrr_pp": -5.2083333333333375
    },
    "M04": {
      "pool": {
        "frr": 0.8414634146341463,
        "far": 0.06666666666666667,
        "npos": 82,
        "nneg": 60,
        "auc": 0.7422764227642277
      },
      "fdtw": {
        "frr": 0.9146341463414634,
        "far": 0.06666666666666667,
        "npos": 82,
        "nneg": 60,
        "auc": 0.5410714285714285
      },
      "dfrr_pp": -7.317073170731714
    },
    "M05": {
      "pool": {
        "frr": 0.9470198675496688,
        "far": 0.11666666666666667,
        "npos": 151,
        "nneg": 60,
        "auc": 0.7639175257731958
      },
      "fdtw": {
        "frr": 0.9271523178807947,
        "far": 0.1,
        "npos": 151,
        "nneg": 60,
        "auc": 0.7428270042194093
      },
      "dfrr_pp": 1.9867549668874163
    }
  },
  "verdict": {
    "mildmod_pool_frr": 0.4911469344608879,
    "mildmod_fdtw_frr": 0.5277998003288701,
    "dfrr_pp": -3.6652865867982163,
    "banked": false,
    "valid_speakers": [
      "M01",
      "M02",
      "M03",
      "M04",
      "M05"
    ]
  }
}