{
  "layer": 14,
  "far_target": 0.05,
  "baseline": {
    "F01": {
      "frr": 0.625,
      "far": 0.06060606060606061,
      "npos": 32,
      "nneg": 66,
      "auc": 0.8653846153846154
    },
    "F03": {
      "frr": 0.5945945945945945,
      "far": 0.053811659192825115,
      "npos": 185,
      "nneg": 223,
      "auc": 0.8148044344793224
    },
    "F04": {
      "frr": 0.45999999999999996,
      "far": 0.03968253968253968,
      "npos": 50,
      "nneg": 126,
      "auc": 0.910956252419667
    },
    "M01": {
      "frr": 0.6162790697674418,
      "far": 0.04591836734693878,
      "npos": 86,
      "nneg": 196,
      "auc": 0.8380541871921182
    },
    "M02": {
      "frr": 0.6704545454545454,
      "far": 0.04784688995215311,
      "npos": 88,
      "nneg": 209,
      "auc": 0.8538571308654411
    },
    "M03": {
      "frr": 0.34375,
      "far": 0.046511627906976744,
      "npos": 96,
      "nneg": 215,
      "auc": 0.9035154137371553
    },
    "M04": {
      "frr": 0.8292682926829268,
      "far": 0.061068702290076333,
      "npos": 82,
      "nneg": 131,
      "auc": 0.7378514243157699
    },
    "M05": {
      "frr": 0.8675496688741722,
      "far": 0.057777777777777775,
      "npos": 151,
      "nneg": 225,
      "auc": 0.8120504009163803
    }
  },
  "regimes": {
    "loso": {
      "F01": {
        "frr": 0.6875,
        "far": 0.07575757575757576,
        "npos": 32,
        "nneg": 66,
        "auc": 0.9051627384960719,
        "dfrr_pp": -6.25,
        "dauc": 0.039778123111456454
      },
      "F03": {
        "frr": 0.6,
        "far": 0.04932735426008968,
        "npos": 185,
        "nneg": 223,
        "auc": 0.8639359556986788,
        "dfrr_pp": -0.5405405405405461,
        "dauc": 0.04913152121935638
      },
      "F04": {
        "frr": 0.4,
        "far": 0.047619047619047616,
        "npos": 50,
        "nneg": 126,
        "auc": 0.9300831443688586,
        "dfrr_pp": 5.999999999999995,
        "dauc": 0.019126891949191593
      },
      "M01": {
        "frr": 0.5930232558139534,
        "far": 0.04591836734693878,
        "npos": 86,
        "nneg": 196,
        "auc": 0.9038529204785363,
        "dfrr_pp": 2.3255813953488413,
        "dauc": 0.06579873328641805
      },
      "M02": {
        "frr": 0.6704545454545454,
        "far": 0.05263157894736842,
        "npos": 88,
        "nneg": 209,
        "auc": 0.8732057416267942,
        "dfrr_pp": 0.0,
        "dauc": 0.01934861076135308
      },
      "M03": {
        "frr": 0.27083333333333337,
        "far": 0.05116279069767442,
        "npos": 96,
        "nneg": 215,
        "auc": 0.9416733493718257,
        "dfrr_pp": 7.2916666666666625,
        "dauc": 0.038157935634670404
      },
      "M04": {
        "frr": 0.7926829268292683,
        "far": 0.04580152671755725,
        "npos": 82,
        "nneg": 131,
        "auc": 0.7557251908396947,
        "dfrr_pp": 3.658536585365846,
        "dauc": 0.017873766523924806
      },
      "M05": {
        "frr": 0.8675496688741722,
        "far": 0.057777777777777775,
        "npos": 151,
        "nneg": 225,
        "auc": 0.832723311546841,
        "dfrr_pp": 0.0,
        "dauc": 0.020672910630460728
      }
    },
    "xgender": {
      "F01": {
        "frr": 0.6875,
        "far": 0.07575757575757576,
        "npos": 32,
        "nneg": 66,
        "auc": 0.8967452300785634,
        "dfrr_pp": -6.25,
        "dauc": 0.03136061469394802
      },
      "F03": {
        "frr": 0.5891891891891892,
        "far": 0.04932735426008968,
        "npos": 185,
        "nneg": 223,
        "auc": 0.8671791586589793,
        "dfrr_pp": 0.540540540540535,
        "dauc": 0.05237472417965694
      },
      "F04": {
        "frr": 0.4,
        "far": 0.05555555555555555,
        "npos": 50,
        "nneg": 126,
        "auc": 0.9525745257452575,
        "dfrr_pp": 5.999999999999995,
        "dauc": 0.04161827332559043
      },
      "M01": {
        "frr": 0.5813953488372092,
        "far": 0.04591836734693878,
        "npos": 86,
        "nneg": 196,
        "auc": 0.8980428236868518,
        "dfrr_pp": 3.488372093023262,
        "dauc": 0.05998863649473363
      },
      "M02": {
        "frr": 0.6704545454545454,
        "far": 0.04784688995215311,
        "npos": 88,
        "nneg": 209,
        "auc": 0.8854864433811802,
        "dfrr_pp": 0.0,
        "dauc": 0.03162931251573908
      },
      "M03": {
        "frr": 0.23958333333333337,
        "far": 0.05116279069767442,
        "npos": 96,
        "nneg": 215,
        "auc": 0.9351972824666841,
        "dfrr_pp": 10.416666666666663,
        "dauc": 0.03168186872952883
      },
      "M04": {
        "frr": 0.7560975609756098,
        "far": 0.05343511450381679,
        "npos": 82,
        "nneg": 131,
        "auc": 0.7297709923664122,
        "dfrr_pp": 7.317073170731703,
        "dauc": -0.008080431949357703
      },
      "M05": {
        "frr": 0.9006622516556292,
        "far": 0.057777777777777775,
        "npos": 151,
        "nneg": 225,
        "auc": 0.8420888888888889,
        "dfrr_pp": -3.311258278145701,
        "dauc": 0.030038487972508632
      }
    }
  },
  "verdict": {
    "moderate_dfrr_loso": 0.5950136182694318,
    "moderate_dfrr_xgender": 1.342970877854599,
    "banked": false,
    "killed": true
  }
}