{
  "layer": 14,
  "far_target": 0.05,
  "levers": [
    "A0",
    "percmd",
    "pcfm",
    "snorm"
  ],
  "per_speaker": {
    "F01": {
      "A0": {
        "frr": 0.625,
        "far": 0.06060606060606061,
        "npos": 32,
        "nneg": 66
      },
      "percmd": {
        "frr": 0.5,
        "far": 0.2878787878787879,
        "npos": 32,
        "nneg": 66
      },
      "pcfm": {
        "frr": 0.53125,
        "far": 0.12121212121212122,
        "npos": 32,
        "nneg": 66
      },
      "snorm": {
        "frr": 0.59375,
        "far": 0.030303030303030304,
        "npos": 32,
        "nneg": 66
      }
    },
    "F03": {
      "A0": {
        "frr": 0.5945945945945945,
        "far": 0.053811659192825115,
        "npos": 185,
        "nneg": 223
      },
      "percmd": {
        "frr": 0.3621621621621621,
        "far": 0.33183856502242154,
        "npos": 185,
        "nneg": 223
      },
      "pcfm": {
        "frr": 0.5783783783783784,
        "far": 0.1031390134529148,
        "npos": 185,
        "nneg": 223
      },
      "snorm": {
        "frr": 0.6756756756756757,
        "far": 0.053811659192825115,
        "npos": 185,
        "nneg": 223
      }
    },
    "F04": {
      "A0": {
        "frr": 0.45999999999999996,
        "far": 0.03968253968253968,
        "npos": 50,
        "nneg": 126
      },
      "percmd": {
        "frr": 0.38,
        "far": 0.23015873015873015,
        "npos": 50,
        "nneg": 126
      },
      "pcfm": {
        "frr": 0.36,
        "far": 0.10317460317460317,
        "npos": 50,
        "nneg": 126
      },
      "snorm": {
        "frr": 0.6799999999999999,
        "far": 0.06349206349206349,
        "npos": 50,
        "nneg": 126
      }
    },
    "M01": {
      "A0": {
        "frr": 0.6162790697674418,
        "far": 0.04591836734693878,
        "npos": 86,
        "nneg": 196
      },
      "percmd": {
        "frr": 0.5930232558139534,
        "far": 0.1989795918367347,
        "npos": 86,
        "nneg": 196
      },
      "pcfm": {
        "frr": 0.6627906976744187,
        "far": 0.09183673469387756,
        "npos": 86,
        "nneg": 196
      },
      "snorm": {
        "frr": 0.5930232558139534,
        "far": 0.05102040816326531,
        "npos": 86,
        "nneg": 196
      }
    },
    "M02": {
      "A0": {
        "frr": 0.6704545454545454,
        "far": 0.04784688995215311,
        "npos": 88,
        "nneg": 209
      },
      "percmd": {
        "frr": 0.4545454545454546,
        "far": 0.18181818181818182,
        "npos": 88,
        "nneg": 209
      },
      "pcfm": {
        "frr": 0.6136363636363636,
        "far": 0.0861244019138756,
        "npos": 88,
        "nneg": 209
      },
      "snorm": {
        "frr": 0.6590909090909092,
        "far": 0.07177033492822966,
        "npos": 88,
        "nneg": 209
      }
    },
    "M03": {
      "A0": {
        "frr": 0.34375,
        "far": 0.046511627906976744,
        "npos": 96,
        "nneg": 215
      },
      "percmd": {
        "frr": 0.28125,
        "far": 0.22325581395348837,
        "npos": 96,
        "nneg": 215
      },
      "pcfm": {
        "frr": 0.39583333333333337,
        "far": 0.11162790697674418,
        "npos": 96,
        "nneg": 215
      },
      "snorm": {
        "frr": 0.65625,
        "far": 0.05116279069767442,
        "npos": 96,
        "nneg": 215
      }
    },
    "M04": {
      "A0": {
        "frr": 0.8292682926829268,
        "far": 0.061068702290076333,
        "npos": 82,
        "nneg": 131
      },
      "percmd": {
        "frr": 0.7073170731707317,
        "far": 0.2595419847328244,
        "npos": 82,
        "nneg": 131
      },
      "pcfm": {
        "frr": 0.7682926829268293,
        "far": 0.0916030534351145,
        "npos": 82,
        "nneg": 131
      },
      "snorm": {
        "frr": 0.7195121951219512,
        "far": 0.04580152671755725,
        "npos": 82,
        "nneg": 131
      }
    },
    "M05": {
      "A0": {
        "frr": 0.8675496688741722,
        "far": 0.057777777777777775,
        "npos": 151,
        "nneg": 225
      },
      "percmd": {
        "frr": 0.5165562913907285,
        "far": 0.3022222222222222,
        "npos": 151,
        "nneg": 225
      },
      "pcfm": {
        "frr": 0.6622516556291391,
        "far": 0.10222222222222223,
        "npos": 151,
        "nneg": 225
      },
      "snorm": {
        "frr": 0.9933774834437086,
        "far": 0.044444444444444446,
        "npos": 151,
        "nneg": 225
      }
    }
  },
  "verdict": {
    "moderate_a0": 0.6271094032721939,
    "best_far_valid_lever": "snorm",
    "moderate_best": 0.642596613526846,
    "dfrr_pp": -1.5487210254652162,
    "banked": false,
    "far_tol": 0.07
  }
}