{
  "clean": {
    "within": 0.016561097353531885,
    "fisher": 4.0187912636329735,
    "rank1conf": 0.010416666666666666,
    "d2_frr": 0.13728455091714106
  },
  "moderate": {
    "within": 0.05697423159418737,
    "fisher": 0.5271861188238708,
    "rank1conf": 0.423564990512334,
    "d2_frr": 0.8943212365591399
  },
  "severe": {
    "within": 0.03560341353210692,
    "fisher": 0.30036208486059535,
    "rank1conf": 0.796469797596458,
    "d2_frr": 1.0
  },
  "very_severe": {
    "within": 0.016285620253959614,
    "fisher": 0.41870651712573465,
    "rank1conf": 0.7631542536369387,
    "d2_frr": 0.989247311827957
  }
}