{
  "distilhubert": {
    "mb": 24,
    "best_layer": 2,
    "frr": 0.09320175438596492,
    "far": 0.03209459459459459,
    "band": 800,
    "penalty_pp": 3.5101754385964927,
    "tail_overlap": 2,
    "hard_student": {
      "98ea0818": 0.5416666666666667,
      "893705bb": 0.29166666666666663,
      "2aca1e72": 0.27083333333333337
    },
    "per_layer": {
      "1": [
        0.10964912280701754,
        0.037162162162162164
      ],
      "2": [
        0.09320175438596492,
        0.03209459459459459
      ]
    }
  },
  "wavlm-base-plus": {
    "mb": 94,
    "best_layer": 12,
    "frr": 0.08771929824561403,
    "far": 0.04054054054054054,
    "band": 800,
    "penalty_pp": 2.961929824561403,
    "tail_overlap": 2,
    "hard_student": {
      "98ea0818": 0.5625,
      "893705bb": 0.33333333333333337,
      "2aca1e72": 0.1875
    },
    "per_layer": {
      "1": [
        0.15350877192982457,
        0.05067567567567568
      ],
      "2": [
        0.20175438596491227,
        0.04391891891891892
      ],
      "3": [
        0.18859649122807018,
        0.048986486486486486
      ],
      "4": [
        0.1600877192982456,
        0.048986486486486486
      ],
      "5": [
        0.13706140350877194,
        0.04222972972972973
      ],
      "6": [
        0.125,
        0.04391891891891892
      ],
      "7": [
        0.1074561403508772,
        0.048986486486486486
      ],
      "8": [
        0.09868421052631579,
        0.04391891891891892
      ],
      "9": [
        0.09868421052631579,
        0.03547297297297297
      ],
      "10": [
        0.10416666666666667,
        0.03885135135135135
      ],
      "11": [
        0.09320175438596491,
        0.04222972972972973
      ],
      "12": [
        0.08771929824561403,
        0.04054054054054054
      ]
    }
  },
  "hubert-base": {
    "mb": 95,
    "best_layer": 11,
    "frr": 0.11293859649122807,
    "far": 0.048986486486486486,
    "band": 800,
    "penalty_pp": 5.483859649122808,
    "tail_overlap": 1,
    "hard_student": {
      "98ea0818": 0.5416666666666667,
      "893705bb": 0.4375,
      "4c6944d6": 0.33333333333333337
    },
    "per_layer": {
      "1": [
        0.16666666666666666,
        0.04391891891891892
      ],
      "2": [
        0.18201754385964913,
        0.04560810810810811
      ],
      "3": [
        0.17653508771929824,
        0.04391891891891892
      ],
      "4": [
        0.1524122807017544,
        0.04560810810810811
      ],
      "5": [
        0.1337719298245614,
        0.04054054054054054
      ],
      "6": [
        0.1206140350877193,
        0.03885135135135135
      ],
      "7": [
        0.11513157894736842,
        0.04391891891891892
      ],
      "8": [
        0.11403508771929824,
        0.03885135135135135
      ],
      "9": [
        0.11403508771929824,
        0.03885135135135135
      ],
      "10": [
        0.1162280701754386,
        0.0472972972972973
      ],
      "11": [
        0.11293859649122807,
        0.048986486486486486
      ],
      "12": [
        0.11513157894736842,
        0.04054054054054054
      ]
    }
  },
  "wav2vec2-base": {
    "mb": 95,
    "best_layer": 4,
    "frr": 0.13596491228070176,
    "far": 0.04391891891891892,
    "band": 800,
    "penalty_pp": 7.786491228070176,
    "tail_overlap": 2,
    "hard_student": {
      "98ea0818": 0.6041666666666667,
      "893705bb": 0.39583333333333337,
      "c1d39ce8": 0.29166666666666663
    },
    "per_layer": {
      "1": [
        0.17214912280701755,
        0.04391891891891892
      ],
      "2": [
        0.14364035087719298,
        0.04222972972972973
      ],
      "3": [
        0.14364035087719298,
        0.048986486486486486
      ],
      "4": [
        0.13596491228070176,
        0.04391891891891892
      ],
      "5": [
        0.2236842105263158,
        0.05067567567567568
      ],
      "6": [
        0.23135964912280702,
        0.04391891891891892
      ],
      "7": [
        0.24671052631578946,
        0.04391891891891892
      ],
      "8": [
        0.20175438596491227,
        0.05067567567567568
      ],
      "9": [
        0.20175438596491227,
        0.05067567567567568
      ],
      "10": [
        0.1962719298245614,
        0.0472972972972973
      ],
      "11": [
        0.2807017543859649,
        0.04222972972972973
      ],
      "12": [
        0.2774122807017544,
        0.052364864864864864
      ]
    }
  }
}