{
  "model": "facebook/wav2vec2-large-xlsr-53",
  "best_layer": 18,
  "agg_frr": 0.09210526315789473,
  "agg_far": 0.03885135135135135,
  "band": 800,
  "hard": {
    "98ea0818": {
      "xlsr": 0.5625,
      "wavlm": 0.27083333333333337
    },
    "2aca1e72": {
      "xlsr": 0.20833333333333337,
      "wavlm": 0.25
    },
    "c1d39ce8": {
      "xlsr": 0.1875,
      "wavlm": 0.1875
    }
  },
  "hard_moved": 1,
  "verdict": "SAME speakers hard under a different SSL objective \u2014 tail is representation-GENERAL (wall)",
  "per_layer": {
    "1": [
      0.12719298245614036,
      0.03547297297297297
    ],
    "2": [
      0.13048245614035087,
      0.03885135135135135
    ],
    "3": [
      0.13377192982456143,
      0.033783783783783786
    ],
    "4": [
      0.12828947368421054,
      0.04222972972972973
    ],
    "5": [
      0.11293859649122807,
      0.04222972972972973
    ],
    "6": [
      0.10635964912280702,
      0.04054054054054054
    ],
    "7": [
      0.10416666666666667,
      0.04391891891891892
    ],
    "8": [
      0.10964912280701754,
      0.0472972972972973
    ],
    "9": [
      0.10964912280701754,
      0.04560810810810811
    ],
    "10": [
      0.10307017543859649,
      0.048986486486486486
    ],
    "11": [
      0.10197368421052631,
      0.04560810810810811
    ],
    "12": [
      0.10087719298245613,
      0.04222972972972973
    ],
    "13": [
      0.09429824561403509,
      0.048986486486486486
    ],
    "14": [
      0.09539473684210527,
      0.037162162162162164
    ],
    "15": [
      0.09649122807017543,
      0.037162162162162164
    ],
    "16": [
      0.09320175438596491,
      0.03547297297297297
    ],
    "17": [
      0.09539473684210527,
      0.03547297297297297
    ],
    "18": [
      0.09210526315789473,
      0.03885135135135135
    ],
    "19": [
      0.09649122807017543,
      0.03547297297297297
    ],
    "20": [
      0.10635964912280702,
      0.04222972972972973
    ],
    "21": [
      0.12390350877192982,
      0.04222972972972973
    ],
    "22": [
      0.3782894736842105,
      0.0472972972972973
    ],
    "23": [
      0.3991228070175439,
      0.0472972972972973
    ],
    "24": [
      0.44956140350877194,
      0.033783783783783786
    ]
  }
}