{
  "agg_frr": 0.07236842105263158,
  "agg_far": 0.04054054054054054,
  "band": 800,
  "baseline": 0.0581,
  "hard_moved": 1,
  "factors": [
    0.9,
    1.1
  ],
  "per_speaker": {
    "b5cf6ea8": {
      "aug": 0.04166666666666663,
      "base": 0.04166666666666663
    },
    "2aca1e72": {
      "aug": 0.25,
      "base": 0.25
    },
    "c50f55b8": {
      "aug": 0.0,
      "base": 0.0
    },
    "5ebc1cda": {
      "aug": 0.02083333333333337,
      "base": 0.0
    },
    "5f9cd2eb": {
      "aug": 0.04166666666666663,
      "base": 0.04166666666666663
    },
    "893705bb": {
      "aug": 0.10416666666666663,
      "base": 0.10416666666666663
    },
    "ef3367d9": {
      "aug": 0.0,
      "base": 0.0
    },
    "4c6167ca": {
      "aug": 0.04166666666666663,
      "base": 0.04166666666666663
    },
    "b66f4f93": {
      "aug": 0.0,
      "base": 0.0
    },
    "c1d39ce8": {
      "aug": 0.16666666666666663,
      "base": 0.1875
    },
    "cce7416f": {
      "aug": 0.0,
      "base": 0.0
    },
    "ddedba85": {
      "aug": 0.0,
      "base": 0.0
    },
    "b4ea0d9a": {
      "aug": 0.0,
      "base": 0.0
    },
    "de89e2ca": {
      "aug": 0.0,
      "base": 0.0
    },
    "ab46af55": {
      "aug": 0.0625,
      "base": 0.0625
    },
    "25e95412": {
      "aug": 0.02083333333333337,
      "base": 0.0
    },
    "4c6944d6": {
      "aug": 0.0625,
      "base": 0.0625
    },
    "98ea0818": {
      "aug": 0.5208333333333333,
      "base": 0.27083333333333337
    },
    "c120e80e": {
      "aug": 0.04166666666666663,
      "base": 0.04166666666666663
    }
  },
  "verdict": "does NOT reach band 900 (agg 7.2%, 1/3 hard improved) \u2014 augmentation on the mean-pooled embedding does not close the below-threshold tail"
}