{
  "baseline_L12": 0.05811403508771929,
  "worst_layers": [
    8,
    24,
    6,
    7
  ],
  "oracle_full": 0.04057017543859649,
  "oracle_denoised": 0.044956140350877194,
  "deployable_perspk": {
    "frr": 0.06798245614035092,
    "far": 0.033783783783783786
  },
  "picks_mode": {
    "b5cf6ea8": 20,
    "2aca1e72": 9,
    "c50f55b8": 13,
    "5ebc1cda": 23,
    "5f9cd2eb": 23,
    "893705bb": 22,
    "ef3367d9": 20,
    "4c6167ca": 15,
    "b66f4f93": 21,
    "c1d39ce8": 21,
    "cce7416f": 20,
    "ddedba85": 20,
    "b4ea0d9a": 21,
    "de89e2ca": 21,
    "ab46af55": 22,
    "25e95412": 20,
    "4c6944d6": 23,
    "98ea0818": 14,
    "c120e80e": 23
  },
  "artifacts": {
    "98ea0818": {
      "dur_s": 1.0,
      "peak": 0.5650920867919922,
      "clip_frac": 0.0,
      "rms_dbfs": -23.08398464597869,
      "voiced_frac": 0.7852083333333333,
      "n": 48,
      "frr_L12": 0.27083333333333337
    },
    "2aca1e72": {
      "dur_s": 1.0,
      "peak": 0.48903147379557294,
      "clip_frac": 0.0,
      "rms_dbfs": -24.827649055339702,
      "voiced_frac": 0.7410416666666665,
      "n": 48,
      "frr_L12": 0.25
    },
    "c1d39ce8": {
      "dur_s": 1.0,
      "peak": 0.7078863779703776,
      "clip_frac": 1.3020833333333333e-06,
      "rms_dbfs": -19.23430270846053,
      "voiced_frac": 0.7995833333333332,
      "n": 48,
      "frr_L12": 0.1875
    },
    "893705bb": {
      "dur_s": 1.0,
      "peak": 0.26293373107910156,
      "clip_frac": 0.0,
      "rms_dbfs": -28.298571185015856,
      "voiced_frac": 0.6479166666666667,
      "n": 48,
      "frr_L12": 0.10416666666666663
    }
  }
}