{
  "raw_agg": 0.5730337078651685,
  "z_agg": 0.8651685393258427,
  "per_spk": {
    "F01": {
      "raw": [
        0.625,
        0.06060606060606061
      ],
      "z": [
        0.90625,
        0.045454545454545456
      ]
    },
    "F03": {
      "raw": [
        0.5945945945945945,
        0.053811659192825115
      ],
      "z": [
        0.9081081081081082,
        0.05829596412556054
      ]
    },
    "F04": {
      "raw": [
        0.45999999999999996,
        0.03968253968253968
      ],
      "z": [
        0.6799999999999999,
        0.047619047619047616
      ]
    }
  }
}