{
  "agg_frr": 0.7865168539325843,
  "agg_far": 0.04819277108433735,
  "mean_auc": 0.756060954415775
}