{
  "layer": 14,
  "K": 2,
  "pcs": [
    0.0,
    0.05,
    0.1
  ],
  "far_target": 0.05,
  "per_speaker": {
    "M01": {
      "tau": 0.03217727456597974,
      "raw_far": 0.04795918367346939,
      "acc_correct": 0.4069767441860465
    },
    "M02": {
      "tau": 0.039435500099499476,
      "raw_far": 0.04880382775119617,
      "acc_correct": 0.32954545454545453
    },
    "F03": {
      "tau": 0.03748333131013093,
      "raw_far": 0.04663677130044843,
      "acc_correct": 0.3891891891891892
    }
  },
  "moderate": {
    "pc0.0_K1": {
      "task_success": 0.3342618384401114,
      "cmd_error": 0.0,
      "mean_turns": 1.3760445682451254,
      "confirm_rate": 0.37604456824512533,
      "raw_far": 0.04936305732484077,
      "residual_far": 0.0
    },
    "pc0.0_K2": {
      "task_success": 0.5567927002428597,
      "cmd_error": 0.0,
      "mean_turns": 2.2921299493331055,
      "confirm_rate": 0.626391787773217,
      "raw_far": 0.04936305732484077,
      "residual_far": 0.0
    },
    "pc0.05_K1": {
      "task_success": 0.31754874651810583,
      "cmd_error": 0.0020891364902506965,
      "mean_turns": 1.3760445682451254,
      "confirm_rate": 0.37604456824512533,
      "raw_far": 0.04936305732484077,
      "residual_far": 0.002468152866242024
    },
    "pc0.05_K2": {
      "task_success": 0.5335968839472071,
      "cmd_error": 0.003510505815442152,
      "mean_turns": 2.312253163771231,
      "confirm_rate": 0.6318910467795873,
      "raw_far": 0.04936305732484077,
      "residual_far": 0.00493021395391291
    },
    "pc0.1_K1": {
      "task_success": 0.3008356545961003,
      "cmd_error": 0.004178272980501393,
      "mean_turns": 1.3760445682451254,
      "confirm_rate": 0.37604456824512533,
      "raw_far": 0.04936305732484077,
      "residual_far": 0.004936305732484048
    },
    "pc0.1_K2": {
      "task_success": 0.509912244628766,
      "cmd_error": 0.007082114508732862,
      "mean_turns": 2.332376378209356,
      "confirm_rate": 0.6373903057859576,
      "raw_far": 0.04936305732484077,
      "residual_far": 0.009848244350683544
    }
  },
  "tau_frontier": [
    {
      "tau": 0.029827307054599794,
      "raw_far": 0.020063694267515923,
      "ts_pc0": 0.413218395263848,
      "ts_pc10": 0.3764719392307633,
      "mean_turns": 2.2359246126271524,
      "residual_far_pc10": 0.004008713335226566,
      "cmd_err_pc10": 0.0029878725335774864
    },
    {
      "tau": 0.035635885166449555,
      "raw_far": 0.05063694267515924,
      "ts_pc0": 0.5567927002428597,
      "ts_pc10": 0.509912244628766,
      "mean_turns": 2.332376378209356,
      "residual_far_pc10": 0.010101747535397054,
      "cmd_err_pc10": 0.007082114508732862
    },
    {
      "tau": 0.04189952863430846,
      "raw_far": 0.10127388535031848,
      "ts_pc0": 0.6927320551516516,
      "ts_pc10": 0.6392129173423546,
      "mean_turns": 2.3881704828485195,
      "residual_far_pc10": 0.02015221307152415,
      "cmd_err_pc10": 0.008434059326044957
    },
    {
      "tau": 0.04484862653286559,
      "raw_far": 0.1503184713375796,
      "ts_pc0": 0.7286721859700034,
      "ts_pc10": 0.6737014765558926,
      "mean_turns": 2.411050503953259,
      "residual_far_pc10": 0.029837737839263245,
      "cmd_err_pc10": 0.01000977646045577
    },
    {
      "tau": 0.04669886942926027,
      "raw_far": 0.20031847133757963,
      "ts_pc0": 0.7286721859700034,
      "ts_pc10": 0.6729808117565816,
      "mean_turns": 2.4345559081633446,
      "residual_far_pc10": 0.03966241936792558,
      "cmd_err_pc10": 0.012607521667274465
    },
    {
      "tau": 0.05102204787414799,
      "raw_far": 0.3003184713375796,
      "ts_pc0": 0.7963702950784057,
      "ts_pc10": 0.7387442679681258,
      "mean_turns": 2.4708141619012887,
      "residual_far_pc10": 0.0591617824252505,
      "cmd_err_pc10": 0.015416547047276168
    },
    {
      "tau": 0.05516879785431128,
      "raw_far": 0.40063694267515926,
      "ts_pc0": 0.8522357833970873,
      "ts_pc10": 0.7946369907123625,
      "mean_turns": 2.484988477743034,
      "residual_far_pc10": 0.07852228893667079,
      "cmd_err_pc10": 0.016779664962252
    },
    {
      "tau": 0.058592743533838476,
      "raw_far": 0.5003184713375797,
      "ts_pc0": 0.860677679409688,
      "ts_pc10": 0.8016348414428814,
      "mean_turns": 2.521685896291928,
      "residual_far_pc10": 0.09756050853990017,
      "cmd_err_pc10": 0.020981060047640845
    },
    {
      "tau": 0.0661269643527248,
      "raw_far": 0.7012738853503184,
      "ts_pc0": 0.8901234472109931,
      "ts_pc10": 0.8304404838572016,
      "mean_turns": 2.552835561486953,
      "residual_far_pc10": 0.13533692644732043,
      "cmd_err_pc10": 0.024990107153110234
    }
  ],
  "verdict": {
    "fidelity_ts1": 0.37523712930689673,
    "tau_far5": 0.03563374378801498,
    "moderate_ts_K2_pc0_far5": 0.5567927002428597,
    "moderate_ts_K2_pc10_far5": 0.509912244628766,
    "best_op": {
      "tau": 0.04484862653286559,
      "raw_far": 0.1503184713375796,
      "ts_pc0": 0.7286721859700034,
      "ts_pc10": 0.6737014765558926,
      "mean_turns": 2.411050503953259,
      "residual_far_pc10": 0.029837737839263245,
      "cmd_err_pc10": 0.01000977646045577
    },
    "reaches_85": false,
    "banked": false,
    "note": "NOT-BANKED pending UASpeech #24"
  }
}