{
  "far_target": 0.05,
  "per_speaker": {
    "M01": {
      "pool": {
        "frr": 0.5930232558139534,
        "far": 0.05,
        "npos": 86,
        "nneg": 60
      },
      "fdtw": {
        "frr": 0.6395348837209303,
        "far": 0.08333333333333333,
        "npos": 86,
        "nneg": 60
      },
      "fuse": {
        "frr": 0.6162790697674418,
        "far": 0.06666666666666667,
        "npos": 86,
        "nneg": 60
      }
    },
    "M02": {
      "pool": {
        "frr": 0.5795454545454546,
        "far": 0.03333333333333333,
        "npos": 88,
        "nneg": 60
      },
      "fdtw": {
        "frr": 0.5909090909090908,
        "far": 0.08333333333333333,
        "npos": 88,
        "nneg": 60
      },
      "fuse": {
        "frr": 0.625,
        "far": 0.05,
        "npos": 88,
        "nneg": 60
      }
    }
  },
  "verdict": {
    "pool_frr": 0.586284355179704,
    "fuse_frr": 0.6206395348837209,
    "fuse_far": 0.058333333333333334,
    "dfrr_pp": -3.4355179704016914,
    "far_valid": true,
    "clears_5pp": false,
    "banked": false
  }
}