{
  "layer": 14,
  "kcurve22": {
    "1": {
      "mean_frr": 0.6518065634344704,
      "mean_far": 0.05119902575143817,
      "per": {
        "M01": 0.6627906976744187,
        "M02": 0.6818181818181819,
        "F03": 0.6108108108108108
      }
    },
    "2": {
      "mean_frr": 0.6327871740662437,
      "mean_far": 0.04919230549730567,
      "per": {
        "M01": 0.627906976744186,
        "M02": 0.6704545454545454,
        "F03": 0.6
      }
    },
    "3": {
      "mean_frr": 0.6271094032721939,
      "mean_far": 0.04919230549730567,
      "per": {
        "M01": 0.6162790697674418,
        "M02": 0.6704545454545454,
        "F03": 0.5945945945945945
      }
    },
    "4": {
      "mean_frr": 0.6271094032721939,
      "mean_far": 0.04919230549730567,
      "per": {
        "M01": 0.6162790697674418,
        "M02": 0.6704545454545454,
        "F03": 0.5945945945945945
      }
    }
  },
  "exemplar21": {
    "first": {
      "frr": 0.6271094032721939,
      "far": 0.04919230549730567
    },
    "medoid": {
      "frr": 0.6271094032721939,
      "far": 0.04919230549730567
    },
    "diverse": {
      "frr": 0.6271094032721939,
      "far": 0.04919230549730567
    }
  },
  "vocab29_insample": {
    "most": {
      "frr": 0.5262587048581301,
      "far": 0.05398265041206476
    },
    "least": {
      "frr": 0.6166351791042538,
      "far": 0.049810041380896765
    },
    "dfrr_pp": 9.037647424612372
  },
  "vocab29_heldout": {
    "most": {
      "frr": 0.5259330759330759,
      "far": 0.04960412941969974
    },
    "least": {
      "frr": 0.5801282051282052,
      "far": 0.04470800056457024
    },
    "dfrr_pp": 5.4195129195129255,
    "clears_8pp": false,
    "banked": false
  },
  "confgated28": {
    "per": {
      "M01": {
        "voice_used": 0.11627906976744186,
        "voice_correct": 0.11627906976744186,
        "t_acc": 0.019661408089428734
      },
      "M02": {
        "voice_used": 0.18181818181818182,
        "voice_correct": 0.1590909090909091,
        "t_acc": 0.028344180133670238
      },
      "F03": {
        "voice_used": 0.1783783783783784,
        "voice_correct": 0.16756756756756758,
        "t_acc": 0.027277974712588082
      }
    },
    "mean_voice_used": 0.15882520998800068
  }
}