{
  "layer": 14,
  "far_target": 0.05,
  "per_speaker": {
    "M01": {
      "A0": {
        "frr": 0.6162790697674418,
        "far": 0.04591836734693878,
        "npos": 86,
        "nneg": 196
      },
      "6maha": {
        "frr": 0.813953488372093,
        "far": 0.04591836734693878,
        "npos": 86,
        "nneg": 196
      },
      "6knn": {
        "frr": 0.6395348837209303,
        "far": 0.04081632653061224,
        "npos": 86,
        "nneg": 196
      },
      "9qmf": {
        "frr": 0.7558139534883721,
        "far": 0.04591836734693878,
        "npos": 86,
        "nneg": 196
      },
      "12dur": {
        "frr": 0.9302325581395349,
        "far": 0.05102040816326531,
        "npos": 86,
        "nneg": 196
      },
      "10pcp": {
        "frr": 0.6627906976744187,
        "far": 0.09183673469387756,
        "npos": 86,
        "nneg": 196
      }
    },
    "M02": {
      "A0": {
        "frr": 0.6704545454545454,
        "far": 0.04784688995215311,
        "npos": 88,
        "nneg": 209
      },
      "6maha": {
        "frr": 0.6931818181818181,
        "far": 0.04784688995215311,
        "npos": 88,
        "nneg": 209
      },
      "6knn": {
        "frr": 0.6704545454545454,
        "far": 0.0430622009569378,
        "npos": 88,
        "nneg": 209
      },
      "9qmf": {
        "frr": 0.7159090909090908,
        "far": 0.05263157894736842,
        "npos": 88,
        "nneg": 209
      },
      "12dur": {
        "frr": 0.8636363636363636,
        "far": 0.04784688995215311,
        "npos": 88,
        "nneg": 209
      },
      "10pcp": {
        "frr": 0.6136363636363636,
        "far": 0.0861244019138756,
        "npos": 88,
        "nneg": 209
      }
    },
    "F03": {
      "A0": {
        "frr": 0.5945945945945945,
        "far": 0.053811659192825115,
        "npos": 185,
        "nneg": 223
      },
      "6maha": {
        "frr": 0.6594594594594594,
        "far": 0.04932735426008968,
        "npos": 185,
        "nneg": 223
      },
      "6knn": {
        "frr": 0.5729729729729729,
        "far": 0.053811659192825115,
        "npos": 185,
        "nneg": 223
      },
      "9qmf": {
        "frr": 0.6486486486486487,
        "far": 0.04484304932735426,
        "npos": 185,
        "nneg": 223
      },
      "12dur": {
        "frr": 0.8810810810810811,
        "far": 0.04932735426008968,
        "npos": 185,
        "nneg": 223
      },
      "10pcp": {
        "frr": 0.5783783783783784,
        "far": 0.1031390134529148,
        "npos": 185,
        "nneg": 223
      }
    }
  },
  "verdict_scorelevers": {
    "a0": 0.6271094032721939,
    "best": "6knn",
    "dfrr_pp": -0.05447307772890042,
    "clears_8pp": false
  },
  "verdict_abstain7": {
    "kept_frr": 0.6600459855828984,
    "abstain": 0.2036487458368977,
    "dfrr_pp": -3.293658231070451,
    "clears_8pp": false
  }
}